weekday,mean_delay,median_delay,number_of_trips
Friday,2.2088549688537493,0.55,155824
Monday,2.011662972664383,0.5166666666666667,153853
Saturday,1.3458123959417927,0.2,132538
Sunday,1.3268901810513725,0.15,127091
Thursday,2.1184894967524355,0.5666666666666667,153397
Tuesday,2.1665822366018292,0.5666666666666667,155158
Wednesday,2.0740988773527005,0.55,156416
